<?xml version="1.0" encoding="UTF-8" standalone="yes"?>
<addon id="repository.h0fnar" name="[COLOR limegreen][B]H0FNAR REPO[/B][/COLOR]" version="1.0.1" provider-name="h0fnar">
    <extension point="xbmc.addon.repository" name="h0fnar repo">
        <dir>
            <info compressed="false">https://raw.githubusercontent.com/h0fnar/h0fnar-repo/master/repo/zips/addons.xml</info>
            <checksum>https://raw.githubusercontent.com/h0fnar/h0fnar-repo/master/repo/zips/addons.xml.md5</checksum>
            <datadir zip="true">https://raw.githubusercontent.com/h0fnar/h0fnar-repo/master/repo/zips/</datadir>
        </dir>
        <dir minversion="18.0.0" maxversion="18.9.9">
            <info compressed="false">https://raw.githubusercontent.com/h0fnar/h0fnar-repo/master/leia/zips/addons.xml</info>
            <checksum>https://raw.githubusercontent.com/h0fnar/h0fnar-repo/master/leia/zips/addons.xml.md5</checksum>
            <datadir zip="true">https://raw.githubusercontent.com/h0fnar/h0fnar-repo/master/leia/zips/</datadir>
        </dir>
        <dir minversion="19.0.0">
            <info compressed="false">https://raw.githubusercontent.com/h0fnar/h0fnar-repo/master/matrix/zips/addons.xml</info>
            <checksum>https://raw.githubusercontent.com/h0fnar/h0fnar-repo/master/matrix/zips/addons.xml.md5</checksum>
            <datadir zip="true">https://raw.githubusercontent.com/h0fnar/h0fnar-repo/master/matrix/zips/</datadir>
        </dir>
    </extension>
    <extension point="xbmc.addon.metadata">
        <summary>Install h0fnars stuff</summary>
        <description>h0fnars Stuff</description>
        <disclaimer></disclaimer>
        <platform>all</platform>
        <assets>
            <icon>icon.png</icon>
            <fanart>fanart.jpg</fanart>
        </assets>
    </extension>
</addon>